{
  "judge_model": "Meta-Llama-3-8B-Instruct",
  "samples": 200,
  "generators": [
    "Meta-Llama-3.1-8B-Instruct",
    "Mistral-7B-Instruct-v0.3",
    "Qwen2-7B-Instruct",
    "Qwen2.5-7B-Instruct"
  ],
  "scores": [
    [
      2.6666667461395264,
      1.0,
      3.0,
      3.0
    ],
    [
      2.1666667461395264,
      2.0,
      2.1666667461395264,
      2.3333332538604736
    ],
    [
      3.0,
      2.3333332538604736,
      2.6666667461395264,
      2.6666667461395264
    ],
    [
      1.3333333730697632,
      1.8333333730697632,
      2.5,
      2.8333332538604736
    ],
    [
      1.6666666269302368,
      1.5,
      2.8333332538604736,
      2.1666667461395264
    ],
    [
      1.1666666269302368,
      1.1666666269302368,
      3.0,
      2.8333332538604736
    ],
    [
      1.0,
      1.6666666269302368,
      2.6666667461395264,
      2.6666667461395264
    ],
    [
      1.8333333730697632,
      2.5,
      1.3333333730697632,
      2.6666667461395264
    ],
    [
      2.3333332538604736,
      1.3333333730697632,
      2.5,
      2.1666667461395264
    ],
    [
      1.5,
      1.8333333730697632,
      2.8333332538604736,
      2.8333332538604736
    ],
    [
      1.1666666269302368,
      1.8333333730697632,
      2.5,
      2.8333332538604736
    ],
    [
      3.0,
      2.5,
      2.5,
      3.0
    ],
    [
      2.8333332538604736,
      1.1666666269302368,
      2.8333332538604736,
      2.1666667461395264
    ],
    [
      2.0,
      1.6666666269302368,
      2.5,
      2.6666667461395264
    ],
    [
      1.0,
      1.1666666269302368,
      2.0,
      1.0
    ],
    [
      2.6666667461395264,
      2.3333332538604736,
      2.0,
      2.3333332538604736
    ],
    [
      1.8333333730697632,
      1.5,
      1.1666666269302368,
      3.0
    ],
    [
      1.8333333730697632,
      2.1666667461395264,
      3.0,
      2.8333332538604736
    ],
    [
      3.0,
      1.3333333730697632,
      2.8333332538604736,
      2.8333332538604736
    ],
    [
      3.0,
      1.6666666269302368,
      2.8333332538604736,
      2.8333332538604736
    ],
    [
      2.8333332538604736,
      2.8333332538604736,
      2.8333332538604736,
      2.8333332538604736
    ],
    [
      1.3333333730697632,
      2.5,
      2.6666667461395264,
      2.8333332538604736
    ],
    [
      2.0,
      1.1666666269302368,
      2.5,
      2.8333332538604736
    ],
    [
      2.0,
      2.5,
      2.1666667461395264,
      2.8333332538604736
    ],
    [
      2.6666667461395264,
      1.6666666269302368,
      2.8333332538604736,
      2.5
    ],
    [
      2.0,
      1.5,
      2.0,
      2.3333332538604736
    ],
    [
      1.0,
      1.3333333730697632,
      3.0,
      2.5
    ],
    [
      1.0,
      1.6666666269302368,
      2.5,
      2.5
    ],
    [
      1.8333333730697632,
      2.0,
      1.8333333730697632,
      2.6666667461395264
    ],
    [
      1.3333333730697632,
      1.8333333730697632,
      2.3333332538604736,
      2.6666667461395264
    ],
    [
      3.0,
      1.3333333730697632,
      2.6666667461395264,
      2.8333332538604736
    ],
    [
      3.0,
      1.8333333730697632,
      2.8333332538604736,
      3.0
    ],
    [
      1.1666666269302368,
      1.3333333730697632,
      2.6666667461395264,
      2.6666667461395264
    ],
    [
      1.0,
      1.6666666269302368,
      2.3333332538604736,
      2.6666667461395264
    ],
    [
      1.0,
      1.6666666269302368,
      2.6666667461395264,
      2.6666667461395264
    ],
    [
      2.0,
      1.3333333730697632,
      1.0,
      2.6666667461395264
    ],
    [
      3.0,
      1.1666666269302368,
      1.8333333730697632,
      2.6666667461395264
    ],
    [
      1.0,
      1.0,
      2.6666667461395264,
      3.0
    ],
    [
      1.1666666269302368,
      2.0,
      3.0,
      2.6666667461395264
    ],
    [
      1.0,
      2.0,
      2.1666667461395264,
      2.0
    ],
    [
      1.0,
      1.5,
      2.6666667461395264,
      2.6666667461395264
    ],
    [
      1.1666666269302368,
      1.3333333730697632,
      2.1666667461395264,
      2.8333332538604736
    ],
    [
      2.8333332538604736,
      2.1666667461395264,
      2.8333332538604736,
      2.8333332538604736
    ],
    [
      3.0,
      2.0,
      2.6666667461395264,
      2.6666667461395264
    ],
    [
      2.8333332538604736,
      1.0,
      2.5,
      3.0
    ],
    [
      3.0,
      2.1666667461395264,
      2.8333332538604736,
      2.8333332538604736
    ],
    [
      1.1666666269302368,
      1.8333333730697632,
      1.3333333730697632,
      3.0
    ],
    [
      2.6666667461395264,
      1.3333333730697632,
      3.0,
      2.8333332538604736
    ],
    [
      1.0,
      1.3333333730697632,
      3.0,
      3.0
    ],
    [
      1.0,
      1.3333333730697632,
      3.0,
      2.8333332538604736
    ],
    [
      3.0,
      1.6666666269302368,
      2.6666667461395264,
      2.6666667461395264
    ],
    [
      1.6666666269302368,
      2.3333332538604736,
      1.1666666269302368,
      2.6666667461395264
    ],
    [
      2.0,
      1.0,
      3.0,
      2.6666667461395264
    ],
    [
      1.6666666269302368,
      1.1666666269302368,
      3.0,
      2.8333332538604736
    ],
    [
      2.6666667461395264,
      1.5,
      2.8333332538604736,
      2.1666667461395264
    ],
    [
      2.0,
      1.0,
      2.1666667461395264,
      2.0
    ],
    [
      1.0,
      1.3333333730697632,
      2.0,
      2.6666667461395264
    ],
    [
      1.5,
      2.5,
      3.0,
      3.0
    ],
    [
      1.0,
      1.5,
      1.8333333730697632,
      3.0
    ],
    [
      1.0,
      2.0,
      1.6666666269302368,
      2.6666667461395264
    ],
    [
      1.1666666269302368,
      1.6666666269302368,
      2.3333332538604736,
      2.6666667461395264
    ],
    [
      1.0,
      2.0,
      2.6666667461395264,
      2.6666667461395264
    ],
    [
      1.6666666269302368,
      2.1666667461395264,
      3.0,
      2.6666667461395264
    ],
    [
      1.0,
      1.6666666269302368,
      3.0,
      2.8333332538604736
    ],
    [
      3.0,
      2.6666667461395264,
      2.6666667461395264,
      2.6666667461395264
    ],
    [
      1.6666666269302368,
      1.3333333730697632,
      2.6666667461395264,
      2.6666667461395264
    ],
    [
      2.1666667461395264,
      2.0,
      2.5,
      1.6666666269302368
    ],
    [
      1.0,
      1.8333333730697632,
      2.3333332538604736,
      3.0
    ],
    [
      1.0,
      1.6666666269302368,
      2.8333332538604736,
      3.0
    ],
    [
      1.6666666269302368,
      2.1666667461395264,
      2.8333332538604736,
      2.6666667461395264
    ],
    [
      1.0,
      2.3333332538604736,
      3.0,
      2.8333332538604736
    ],
    [
      3.0,
      1.1666666269302368,
      3.0,
      3.0
    ],
    [
      2.8333332538604736,
      2.1666667461395264,
      1.1666666269302368,
      2.0
    ],
    [
      3.0,
      1.0,
      1.6666666269302368,
      1.6666666269302368
    ],
    [
      1.6666666269302368,
      1.3333333730697632,
      3.0,
      2.8333332538604736
    ],
    [
      1.6666666269302368,
      2.5,
      1.3333333730697632,
      2.1666667461395264
    ],
    [
      2.3333332538604736,
      2.0,
      1.8333333730697632,
      2.1666667461395264
    ],
    [
      1.0,
      2.5,
      3.0,
      1.6666666269302368
    ],
    [
      3.0,
      1.0,
      3.0,
      3.0
    ],
    [
      1.6666666269302368,
      2.1666667461395264,
      2.5,
      2.6666667461395264
    ],
    [
      1.0,
      1.5,
      2.3333332538604736,
      2.3333332538604736
    ],
    [
      2.5,
      2.3333332538604736,
      3.0,
      2.5
    ],
    [
      1.1666666269302368,
      2.1666667461395264,
      1.8333333730697632,
      1.6666666269302368
    ],
    [
      2.1666667461395264,
      1.3333333730697632,
      3.0,
      2.8333332538604736
    ],
    [
      1.0,
