{
  "judge_model": "Qwen2.5-7B-Instruct",
  "samples": 200,
  "generators": [
    "Meta-Llama-3.1-8B-Instruct",
    "Mistral-7B-Instruct-v0.3",
    "Qwen2-7B-Instruct",
    "Qwen2.5-7B-Instruct"
  ],
  "scores": [
    [
      8.5,
      8.166666984558105,
      8.333333015441895,
      8.5
    ],
    [
      6.833333492279053,
      3.3333332538604736,
      5.833333492279053,
      7.5
    ],
    [
      3.1666667461395264,
      6.333333492279053,
      7.0,
      8.666666984558105
    ],
    [
      7.0,
      8.166666984558105,
      9.0,
      8.333333015441895
    ],
    [
      8.0,
      7.333333492279053,
      7.833333492279053,
      7.833333492279053
    ],
    [
      7.333333492279053,
      7.833333492279053,
      8.5,
      8.833333015441895
    ],
    [
      6.0,
      6.166666507720947,
      7.166666507720947,
      5.833333492279053
    ],
    [
      8.0,
      5.166666507720947,
      7.0,
      3.5
    ],
    [
      8.333333015441895,
      8.0,
      7.0,
      8.333333015441895
    ],
    [
      9.0,
      8.166666984558105,
      7.5,
      8.833333015441895
    ],
    [
      9.0,
      8.166666984558105,
      8.666666984558105,
      8.833333015441895
    ],
    [
      6.666666507720947,
      8.666666984558105,
      8.166666984558105,
      8.666666984558105
    ],
    [
      7.5,
      6.666666507720947,
      7.166666507720947,
      8.833333015441895
    ],
    [
      5.0,
      8.166666984558105,
      8.666666984558105,
      8.5
    ],
    [
      4.333333492279053,
      7.333333492279053,
      8.166666984558105,
      8.5
    ],
    [
      8.333333015441895,
      8.0,
      8.833333015441895,
      8.0
    ],
    [
      8.333333015441895,
      8.0,
      8.833333015441895,
      8.166666984558105
    ],
    [
      7.0,
      7.0,
      7.333333492279053,
      7.333333492279053
    ],
    [
      6.333333492279053,
      6.5,
      8.0,
      7.5
    ],
    [
      6.166666507720947,
      8.166666984558105,
      4.333333492279053,
      7.333333492279053
    ],
    [
      7.833333492279053,
      8.333333015441895,
      8.166666984558105,
      9.333333015441895
    ],
    [
      6.5,
      8.666666984558105,
      8.0,
      8.666666984558105
    ],
    [
      8.333333015441895,
      3.5,
      7.5,
      7.5
    ],
    [
      2.0,
      5.5,
      5.666666507720947,
      4.666666507720947
    ],
    [
      8.5,
      7.5,
      8.833333015441895,
      8.5
    ],
    [
      6.833333492279053,
      7.666666507720947,
      7.666666507720947,
      8.666666984558105
    ],
    [
      3.6666667461395264,
      8.0,
      6.333333492279053,
      7.0
    ],
    [
      9.833333015441895,
      9.0,
      9.166666984558105,
      9.5
    ],
    [
      7.666666507720947,
      8.166666984558105,
      8.0,
      8.666666984558105
    ],
    [
      4.833333492279053,
      5.333333492279053,
      7.666666507720947,
      7.666666507720947
    ],
    [
      6.833333492279053,
      8.5,
      8.5,
      8.666666984558105
    ],
    [
      9.5,
      8.833333015441895,
      8.666666984558105,
      9.5
    ],
    [
      8.333333015441895,
      7.333333492279053,
      7.833333492279053,
      7.666666507720947
    ],
    [
      7.333333492279053,
      8.5,
      9.333333015441895,
      8.833333015441895
    ],
    [
      7.5,
      6.0,
      6.0,
      7.166666507720947
    ],
    [
      6.833333492279053,
      7.0,
      6.0,
      2.0
    ],
    [
      6.666666507720947,
      7.5,
      8.5,
      8.5
    ],
    [
      9.833333015441895,
      9.5,
      9.666666984558105,
      9.5
    ],
    [
      5.666666507720947,
      6.666666507720947,
      5.666666507720947,
      4.0
    ],
    [
      7.0,
      5.833333492279053,
      7.333333492279053,
      6.166666507720947
    ],
    [
      7.666666507720947,
      8.333333015441895,
      7.666666507720947,
      8.5
    ],
    [
      8.666666984558105,
      6.166666507720947,
      2.6666667461395264,
      6.666666507720947
    ],
    [
      3.1666667461395264,
      6.666666507720947,
      6.333333492279053,
      7.666666507720947
    ],
    [
      2.3333332538604736,
      7.833333492279053,
      8.166666984558105,
      8.833333015441895
    ],
    [
      4.5,
      7.166666507720947,
      7.833333492279053,
      8.833333015441895
    ],
    [
      7.833333492279053,
      7.333333492279053,
      8.0,
      8.833333015441895
    ],
    [
      5.666666507720947,
      7.5,
      6.333333492279053,
      8.5
    ],
    [
      8.333333015441895,
      8.166666984558105,
      7.5,
      7.666666507720947
    ],
    [
      8.666666984558105,
      7.833333492279053,
      7.666666507720947,
      6.0
    ],
    [
      5.5,
      4.666666507720947,
      7.666666507720947,
      8.666666984558105
    ],
    [
      7.166666507720947,
      7.833333492279053,
      7.666666507720947,
      8.666666984558105
    ],
    [
      3.6666667461395264,
      7.0,
      8.5,
      8.5
    ],
    [
      5.166666507720947,
      5.0,
      2.5,
      5.833333492279053
    ],
    [
      7.0,
      3.1666667461395264,
      4.833333492279053,
      5.5
    ],
    [
      6.833333492279053,
      7.833333492279053,
      8.166666984558105,
      7.5
    ],
    [
      7.5,
      6.833333492279053,
      6.666666507720947,
      6.833333492279053
    ],
    [
      6.333333492279053,
      7.666666507720947,
      6.666666507720947,
      7.833333492279053
    ],
    [
      7.333333492279053,
      8.0,
      8.666666984558105,
      8.666666984558105
    ],
    [
      8.0,
      7.333333492279053,
      8.333333015441895,
      7.333333492279053
    ],
    [
      3.6666667461395264,
      4.666666507720947,
      6.833333492279053,
      7.333333492279053
    ],
    [
      8.333333015441895,
      5.333333492279053,
      8.666666984558105,
      8.666666984558105
    ],
    [
      7.833333492279053,
      8.166666984558105,
      7.0,
      8.5
    ],
    [
      8.5,
      8.5,
      9.333333015441895,
      8.333333015441895
    ],
    [
      7.0,
      7.833333492279053,
      5.5,
      8.333333015441895
    ],
    [
      5.166666507720947,
      7.833333492279053,
      8.833333015441895,
      8.5
    ],
    [
      7.833333492279053,
      6.833333492279053,
      8.0,
      8.833333015441895
    ],
    [
      8.5,
      8.333333015441895,
      8.666666984558105,
      8.833333015441895
    ],
    [
      8.166666984558105,
      7.833333492279053,
      8.666666984558105,
      7.166666507720947
    ],
    [
      7.5,
      8.666666984558105,
      8.166666984558105,
      8.5
    ],
    [
      7.833333492279053,
      9.0,
      8.5,
      8.0
    ],
    [
      7.916666507720947,
      6.75,
      7.416666507720947,
      7.5
    ],
    [
      8.666666984558105,
      8.5,
      8.833333015441895,
      8.166666984558105
    ],
    [
      6.333333492279053,
      8.333333015441895,
      8.166666984558105,
      8.166666984558105
    ],
    [
      8.166666984558105,
      9.333333015441895,
      8.0,
      8.333333015441895
    ],
    [
      8.833333015441895,
      7.833333492279053,
      8.833333015441895,
      8.0
    ],
    [
      8.5,
      8.5,
      5.166666507720947,
      8.5
    ],
    [
      8.166666984558105,
      7.666666507720947,
      7.5,
      8.0
    ],
    [
      6.333333492279053,
      6.0,
      8.0,
      7.833333492279053
    ],
    [
      8.166666984558105,
      8.333333015441895,
      8.833333015441895,
      8.666666984558105
    ],
    [
      7.333333492279053,
      6.5,
      7.5,
      6.333333492279053
    ],
    [
      8.833333015441895,
      8.5,
      7.0,
      7.166666507720947
    ],
    [
      8.166666984558105,
      5.833333492279053,
      8.166666984558105,
      7.833333492279053
    ],
    [
      7.5,
      9.166666984558105,
      8.333333015441895,
      9.0
    ],
    [
      7.833333492279053,
      7.333333492279053,
