{
  "judge_model": "Ministral-8B-Instruct-2410",
  "samples": 200,
  "generators": [
    "Meta-Llama-3.1-8B-Instruct",
    "Mistral-7B-Instruct-v0.3",
    "Qwen2-7B-Instruct",
    "Qwen2.5-7B-Instruct"
  ],
  "scores": [
    [
      7.166666507720947,
      7.666666507720947,
      7.5,
      8.666666984558105
    ],
    [
      6.666666507720947,
      6.833333492279053,
      4.5,
      7.5
    ],
    [
      4.833333492279053,
      6.5,
      7.833333492279053,
      8.333333015441895
    ],
    [
      7.0,
      7.5,
      8.5,
      7.833333492279053
    ],
    [
      6.333333492279053,
      7.333333492279053,
      7.166666507720947,
      7.333333492279053
    ],
    [
      7.166666507720947,
      6.666666507720947,
      7.166666507720947,
      8.0
    ],
    [
      4.5,
      5.333333492279053,
      6.833333492279053,
      6.333333492279053
    ],
    [
      7.0,
      7.0,
      7.5,
      4.333333492279053
    ],
    [
      6.666666507720947,
      7.333333492279053,
      4.833333492279053,
      7.666666507720947
    ],
    [
      6.833333492279053,
      7.0,
      5.5,
      7.166666507720947
    ],
    [
      8.333333015441895,
      6.5,
      7.666666507720947,
      7.5
    ],
    [
      7.5,
      8.0,
      5.333333492279053,
      6.833333492279053
    ],
    [
      7.333333492279053,
      6.333333492279053,
      6.166666507720947,
      7.666666507720947
    ],
    [
      6.333333492279053,
      7.833333492279053,
      8.0,
      8.333333015441895
    ],
    [
      6.833333492279053,
      7.333333492279053,
      7.333333492279053,
      8.166666984558105
    ],
    [
      7.333333492279053,
      7.333333492279053,
      8.5,
      7.833333492279053
    ],
    [
      8.0,
      7.833333492279053,
      8.5,
      8.166666984558105
    ],
    [
      6.5,
      7.166666507720947,
      7.0,
      7.166666507720947
    ],
    [
      6.833333492279053,
      8.333333015441895,
      7.333333492279053,
      7.5
    ],
    [
      7.666666507720947,
      8.0,
      4.5,
      7.833333492279053
    ],
    [
      6.5,
      6.666666507720947,
      7.333333492279053,
      7.5
    ],
    [
      5.833333492279053,
      8.833333015441895,
      6.166666507720947,
      6.833333492279053
    ],
    [
      8.5,
      3.8333332538604736,
      7.5,
      7.666666507720947
    ],
    [
      5.833333492279053,
      5.833333492279053,
      6.5,
      7.166666507720947
    ],
    [
      6.833333492279053,
      6.333333492279053,
      7.833333492279053,
      7.5
    ],
    [
      6.666666507720947,
      7.5,
      8.166666984558105,
      7.166666507720947
    ],
    [
      2.6666667461395264,
      6.666666507720947,
      6.166666507720947,
      6.0
    ],
    [
      8.0,
      6.666666507720947,
      7.333333492279053,
      7.833333492279053
    ],
    [
      7.833333492279053,
      7.0,
      7.5,
      7.333333492279053
    ],
    [
      6.833333492279053,
      4.5,
      7.166666507720947,
      7.166666507720947
    ],
    [
      5.166666507720947,
      6.666666507720947,
      7.5,
      7.166666507720947
    ],
    [
      7.333333492279053,
      7.5,
      7.5,
      8.5
    ],
    [
      6.833333492279053,
      6.666666507720947,
      7.666666507720947,
      7.666666507720947
    ],
    [
      6.5,
      8.0,
      8.666666984558105,
      8.0
    ],
    [
      7.333333492279053,
      6.666666507720947,
      6.0,
      5.5
    ],
    [
      7.333333492279053,
      6.333333492279053,
      5.166666507720947,
      2.5
    ],
    [
      6.666666507720947,
      6.833333492279053,
      8.0,
      7.833333492279053
    ],
    [
      6.333333492279053,
      7.333333492279053,
      7.333333492279053,
      7.333333492279053
    ],
    [
      5.666666507720947,
      6.666666507720947,
      7.333333492279053,
      6.666666507720947
    ],
    [
      6.666666507720947,
      7.333333492279053,
      7.5,
      6.5
    ],
    [
      6.666666507720947,
      8.0,
      6.666666507720947,
      8.166666984558105
    ],
    [
      6.333333492279053,
      7.166666507720947,
      1.3333333730697632,
      7.0
    ],
    [
      5.833333492279053,
      6.833333492279053,
      6.5,
      6.5
    ],
    [
      2.3333332538604736,
      7.0,
      7.166666507720947,
      8.166666984558105
    ],
    [
      5.833333492279053,
      6.5,
      6.833333492279053,
      8.333333015441895
    ],
    [
      7.166666507720947,
      6.0,
      6.833333492279053,
      7.666666507720947
    ],
    [
      5.5,
      7.5,
      7.333333492279053,
      7.833333492279053
    ],
    [
      8.0,
      6.833333492279053,
      7.5,
      7.166666507720947
    ],
    [
      7.833333492279053,
      7.166666507720947,
      6.666666507720947,
      4.5
    ],
    [
      5.666666507720947,
      5.0,
      6.833333492279053,
      7.666666507720947
    ],
    [
      7.0,
      7.166666507720947,
      6.333333492279053,
      7.166666507720947
    ],
    [
      3.1666667461395264,
      5.5,
      6.0,
      5.833333492279053
    ],
    [
      7.0,
      6.166666507720947,
      7.166666507720947,
      7.166666507720947
    ],
    [
      7.0,
      5.333333492279053,
      6.166666507720947,
      6.0
    ],
    [
      7.666666507720947,
      7.666666507720947,
      8.5,
      7.333333492279053
    ],
    [
      7.166666507720947,
      6.166666507720947,
      7.333333492279053,
      6.5
    ],
    [
      5.666666507720947,
      7.0,
      6.833333492279053,
      7.666666507720947
    ],
    [
      5.833333492279053,
      7.333333492279053,
      7.666666507720947,
      7.5
    ],
    [
      6.333333492279053,
      7.0,
      7.666666507720947,
      7.0
    ],
    [
      4.833333492279053,
      5.0,
      6.5,
      7.0
    ],
    [
      6.666666507720947,
      7.0,
      7.5,
      8.333333015441895
    ],
    [
      7.5,
      7.333333492279053,
      6.5,
      8.166666984558105
    ],
    [
      7.5,
      8.333333015441895,
      8.833333015441895,
      8.0
    ],
    [
      6.666666507720947,
      8.0,
      6.666666507720947,
      7.833333492279053
    ],
    [
      4.666666507720947,
      6.666666507720947,
      7.5,
      7.666666507720947
    ],
    [
      7.333333492279053,
      6.666666507720947,
      6.666666507720947,
      8.0
    ],
    [
      6.666666507720947,
      7.0,
      7.5,
      7.333333492279053
    ],
    [
      5.0,
      5.333333492279053,
      6.333333492279053,
      3.8333332538604736
    ],
    [
      4.833333492279053,
      6.833333492279053,
      7.833333492279053,
      7.166666507720947
    ],
    [
      6.666666507720947,
      6.0,
      7.5,
      7.333333492279053
    ],
    [
      6.666666507720947,
      7.0,
      7.166666507720947,
      7.833333492279053
    ],
    [
      7.5,
      7.5,
      8.5,
      7.0
    ],
    [
      6.666666507720947,
      7.166666507720947,
      7.333333492279053,
      7.833333492279053
    ],
    [
      7.666666507720947,
      8.0,
      6.833333492279053,
      7.166666507720947
    ],
    [
      7.666666507720947,
      7.666666507720947,
      8.333333015441895,
      7.833333492279053
    ],
    [
      6.166666507720947,
      7.166666507720947,
      6.5,
      7.833333492279053
    ],
    [
      7.166666507720947,
      7.166666507720947,
      7.0,
      7.5
    ],
    [
      5.833333492279053,
      6.5,
      7.833333492279053,
      8.5
    ],
    [
      6.5,
      4.666666507720947,
      7.166666507720947,
      7.166666507720947
    ],
    [
      7.5,
      6.833333492279053,
      7.5,
      6.833333492279053
    ],
    [
      8.166666984558105,
      7.833333492279053,
      6.166666507720947,
      7.0
    ],
    [
      6.166666507720947,
      7.166666507720947,
      7.333333492279053,
      7.0
    ],
    [
      6.0,
      8.166666984558105,
      7.5,
      8.0
    ],
    [
      7.666666507720947,
      7.833333492279053,
