{
  "judge_model": "Meta-Llama-3-8B-Instruct",
  "samples": 200,
  "generators": [
    "Meta-Llama-3.1-8B-Instruct",
    "Mistral-7B-Instruct-v0.3",
    "Qwen2-7B-Instruct",
    "Qwen2.5-7B-Instruct"
  ],
  "scores": [
    [
      7.0,
      7.5,
      7.666666507720947,
      8.166666984558105
    ],
    [
      5.583333492279053,
      5.916666507720947,
      5.5,
      5.416666507720947
    ],
    [
      2.6666667461395264,
      5.5,
      5.333333492279053,
      5.0
    ],
    [
      6.666666507720947,
      6.5,
      8.333333015441895,
      7.0
    ],
    [
      7.666666507720947,
      7.5,
      7.833333492279053,
      8.333333015441895
    ],
    [
      5.0,
      5.0,
      6.5,
      7.666666507720947
    ],
    [
      6.333333492279053,
      6.333333492279053,
      6.5,
      6.666666507720947
    ],
    [
      8.0,
      6.5,
      7.166666507720947,
      4.5
    ],
    [
      7.166666507720947,
      7.0,
      5.666666507720947,
      7.0
    ],
    [
      7.0,
      7.5,
      6.333333492279053,
      7.5
    ],
    [
      7.666666507720947,
      5.833333492279053,
      7.166666507720947,
      7.166666507720947
    ],
    [
      7.666666507720947,
      6.833333492279053,
      4.333333492279053,
      6.0
    ],
    [
      6.666666507720947,
      7.333333492279053,
      7.166666507720947,
      6.833333492279053
    ],
    [
      6.333333492279053,
      7.0,
      7.166666507720947,
      7.0
    ],
    [
      4.083333492279053,
      7.25,
      6.583333492279053,
      8.666666984558105
    ],
    [
      7.666666507720947,
      6.833333492279053,
      8.333333015441895,
      8.333333015441895
    ],
    [
      8.333333015441895,
      8.0,
      7.5,
      8.333333015441895
    ],
    [
      7.333333492279053,
      5.833333492279053,
      6.666666507720947,
      6.666666507720947
    ],
    [
      3.1666667461395264,
      4.5,
      5.333333492279053,
      5.666666507720947
    ],
    [
      5.25,
      4.583333492279053,
      4.583333492279053,
      5.666666507720947
    ],
    [
      7.416666507720947,
      6.583333492279053,
      6.75,
      8.666666984558105
    ],
    [
      6.666666507720947,
      7.166666507720947,
      7.666666507720947,
      6.333333492279053
    ],
    [
      4.666666507720947,
      3.0,
      6.666666507720947,
      5.5
    ],
    [
      5.583333492279053,
      5.666666507720947,
      5.583333492279053,
      5.333333492279053
    ],
    [
      7.916666507720947,
      6.083333492279053,
      6.416666507720947,
      7.166666507720947
    ],
    [
      7.5,
      7.666666507720947,
      8.333333015441895,
      7.333333492279053
    ],
    [
      6.666666507720947,
      7.666666507720947,
      6.833333492279053,
      6.333333492279053
    ],
    [
      7.833333492279053,
      6.5,
      7.166666507720947,
      8.0
    ],
    [
      7.166666507720947,
      7.5,
      7.5,
      7.833333492279053
    ],
    [
      6.166666507720947,
      4.666666507720947,
      6.833333492279053,
      7.666666507720947
    ],
    [
      3.1666667461395264,
      4.75,
      5.583333492279053,
      3.25
    ],
    [
      6.083333492279053,
      5.416666507720947,
      6.75,
      7.833333492279053
    ],
    [
      6.833333492279053,
      7.0,
      7.166666507720947,
      6.166666507720947
    ],
    [
      7.0,
      7.333333492279053,
      8.333333015441895,
      8.166666984558105
    ],
    [
      7.833333492279053,
      7.166666507720947,
      6.166666507720947,
      7.333333492279053
    ],
    [
      4.5,
      4.833333492279053,
      3.5,
      2.5
    ],
    [
      5.083333492279053,
      6.416666507720947,
      6.416666507720947,
      7.666666507720947
    ],
    [
      6.666666507720947,
      7.666666507720947,
      7.166666507720947,
      7.5
    ],
    [
      5.833333492279053,
      6.083333492279053,
      6.166666507720947,
      5.916666507720947
    ],
    [
      8.0,
      5.166666507720947,
      6.833333492279053,
      6.0
    ],
    [
      7.333333492279053,
      8.0,
      7.166666507720947,
      8.0
    ],
    [
      3.75,
      5.416666507720947,
      3.4166667461395264,
      6.166666507720947
    ],
    [
      5.5,
      5.5,
      5.5,
      5.5
    ],
    [
      4.166666507720947,
      5.5,
      7.166666507720947,
      8.0
    ],
    [
      4.666666507720947,
      6.333333492279053,
      6.5,
      7.0
    ],
    [
      7.416666507720947,
      6.75,
      6.083333492279053,
      7.5
    ],
    [
      6.416666507720947,
      7.083333492279053,
      5.916666507720947,
      8.166666984558105
    ],
    [
      7.083333492279053,
      6.166666507720947,
      5.5,
      6.416666507720947
    ],
    [
      7.333333492279053,
      6.083333492279053,
      4.666666507720947,
      4.916666507720947
    ],
    [
      5.833333492279053,
      4.0,
      6.833333492279053,
      8.166666984558105
    ],
    [
      6.166666507720947,
      6.833333492279053,
      6.166666507720947,
      6.5
    ],
    [
      2.3333332538604736,
      4.833333492279053,
      6.5,
      6.166666507720947
    ],
    [
      5.5,
      5.5,
      5.5,
      5.5
    ],
    [
      5.5,
      4.916666507720947,
      4.75,
      5.583333492279053
    ],
    [
      6.0,
      4.666666507720947,
      8.166666984558105,
      6.166666507720947
    ],
    [
      3.1666667461395264,
      4.25,
      6.583333492279053,
      5.416666507720947
    ],
    [
      6.0,
      6.0,
      5.166666507720947,
      7.166666507720947
    ],
    [
      5.0,
      7.0,
      8.166666984558105,
      7.666666507720947
    ],
    [
      7.166666507720947,
      8.0,
      7.166666507720947,
      7.5
    ],
    [
      4.0,
      2.9166667461395264,
      5.583333492279053,
      6.583333492279053
    ],
    [
      8.666666984558105,
      7.0,
      8.166666984558105,
      7.833333492279053
    ],
    [
      7.0,
      6.583333492279053,
      5.083333492279053,
      5.916666507720947
    ],
    [
      8.25,
      7.583333492279053,
      7.75,
      7.666666507720947
    ],
    [
      7.416666507720947,
      8.083333015441895,
      6.833333492279053,
      7.416666507720947
    ],
    [
      5.416666507720947,
      5.75,
      6.5,
      6.583333492279053
    ],
    [
      7.0,
      6.333333492279053,
      7.833333492279053,
      8.166666984558105
    ],
    [
      7.666666507720947,
      6.0,
      7.5,
      7.333333492279053
    ],
    [
      6.0,
      6.5,
      7.333333492279053,
      6.166666507720947
    ],
    [
      3.6666667461395264,
      6.333333492279053,
      8.0,
      6.5
    ],
    [
      4.416666507720947,
      5.583333492279053,
      5.833333492279053,
      5.416666507720947
    ],
    [
      6.083333492279053,
      5.75,
      5.583333492279053,
      5.5
    ],
    [
      8.0,
      7.5,
      7.666666507720947,
      6.333333492279053
    ],
    [
      8.333333015441895,
      6.833333492279053,
      6.166666507720947,
      6.666666507720947
    ],
    [
      7.166666507720947,
      7.666666507720947,
      6.666666507720947,
      7.333333492279053
    ],
    [
      9.0,
      7.0,
      7.166666507720947,
      6.666666507720947
    ],
    [
      4.166666507720947,
      6.333333492279053,
      5.25,
      6.916666507720947
    ],
    [
      7.166666507720947,
      7.666666507720947,
      7.333333492279053,
      7.833333492279053
    ],
    [
      6.166666507720947,
      4.75,
      6.583333492279053,
      7.416666507720947
    ],
    [
      6.5,
      5.0,
      5.916666507720947,
      5.583333492279053
    ],
    [
      7.833333492279053,
      7.166666507720947,
      7.0,
      6.666666507720947
    ],
    [
      8.0,
      5.166666507720947,
      5.333333492279053,
      6.666666507720947
    ],
    [
      7.166666507720947,
      6.333333492279053,
      6.833333492279053,
      6.833333492279053
    ],
    [
      6.0,
