{
  "judge_model": "DeepSeek-R1-Distill-Qwen-14B",
  "samples": 200,
  "generators": [
    "Meta-Llama-3.1-8B-Instruct",
    "Mistral-7B-Instruct-v0.3",
    "Qwen2-7B-Instruct",
    "Qwen2.5-7B-Instruct"
  ],
  "scores": [
    [
      5.0,
      5.0,
      5.0,
      1.0
    ],
    [
      5.0,
      5.0,
      5.0,
      5.0
    ],
    [
      1.6666666269302368,
      5.0,
      5.0,
      5.0
    ],
    [
      4.833333492279053,
      4.333333492279053,
      4.666666507720947,
      5.0
    ],
    [
      5.0,
      5.0,
      5.0,
      5.0
    ],
    [
      5.0,
      5.0,
      5.0,
      5.0
    ],
    [
      4.833333492279053,
      5.0,
      5.0,
      1.0
    ],
    [
      2.5,
      3.6666667461395264,
      1.0,
      4.333333492279053
    ],
    [
      5.0,
      5.0,
      5.0,
      5.0
    ],
    [
      5.0,
      5.0,
      5.0,
      5.0
    ],
    [
      4.0,
      4.833333492279053,
      5.0,
      5.0
    ],
    [
      4.5,
      4.666666507720947,
      4.666666507720947,
      5.0
    ],
    [
      5.0,
      5.0,
      5.0,
      3.0
    ],
    [
      5.0,
      4.333333492279053,
      5.0,
      5.0
    ],
    [
      2.3333332538604736,
      5.0,
      5.0,
      5.0
    ],
    [
      5.0,
      5.0,
      5.0,
      5.0
    ],
    [
      5.0,
      5.0,
      5.0,
      5.0
    ],
    [
      5.0,
      5.0,
      5.0,
      5.0
    ],
    [
      5.0,
      5.0,
      1.6666666269302368,
      5.0
    ],
    [
      5.0,
      5.0,
      2.6666667461395264,
      2.6666667461395264
    ],
    [
      5.0,
      5.0,
      2.5,
      3.0
    ],
    [
      5.0,
      5.0,
      2.3333332538604736,
      5.0
    ],
    [
      3.6666667461395264,
      4.833333492279053,
      5.0,
      4.666666507720947
    ],
    [
      1.3333333730697632,
      2.0,
      3.6666667461395264,
      4.666666507720947
    ],
    [
      5.0,
      5.0,
      5.0,
      5.0
    ],
    [
      3.3333332538604736,
      5.0,
      3.6666667461395264,
      3.5
    ],
    [
      5.0,
      5.0,
      5.0,
      5.0
    ],
    [
      3.6666667461395264,
      2.0,
      2.6666667461395264,
      4.333333492279053
    ],
    [
      4.333333492279053,
      5.0,
      2.5,
      4.333333492279053
    ],
    [
      1.3333333730697632,
      5.0,
      5.0,
      2.3333332538604736
    ],
    [
      4.666666507720947,
      5.0,
      5.0,
      5.0
    ],
    [
      5.0,
      5.0,
      3.0,
      1.0
    ],
    [
      5.0,
      5.0,
      5.0,
      5.0
    ],
    [
      4.666666507720947,
      5.0,
      5.0,
      4.666666507720947
    ],
    [
      5.0,
      5.0,
      5.0,
      5.0
    ],
    [
      5.0,
      5.0,
      5.0,
      5.0
    ],
    [
      5.0,
      5.0,
      5.0,
      4.666666507720947
    ],
    [
      2.3333332538604736,
      5.0,
      5.0,
      5.0
    ],
    [
      1.3333333730697632,
      3.6666667461395264,
      3.6666667461395264,
      4.333333492279053
    ],
    [
      5.0,
      5.0,
      5.0,
      1.6666666269302368
    ],
    [
      5.0,
      5.0,
      2.3333332538604736,
      2.3333332538604736
    ],
    [
      5.0,
      5.0,
      5.0,
      5.0
    ],
    [
      5.0,
      5.0,
      5.0,
      5.0
    ],
    [
      3.3333332538604736,
      2.0,
      3.3333332538604736,
      3.6666667461395264
    ],
    [
      5.0,
      5.0,
      5.0,
      5.0
    ],
    [
      5.0,
      5.0,
      5.0,
      5.0
    ],
    [
      5.0,
      5.0,
      5.0,
      5.0
    ],
    [
      5.0,
      5.0,
      5.0,
      5.0
    ],
    [
      5.0,
      4.333333492279053,
      5.0,
      5.0
    ],
    [
      5.0,
      5.0,
      5.0,
      4.666666507720947
    ],
    [
      5.0,
      5.0,
      5.0,
      5.0
    ],
    [
      5.0,
      5.0,
      5.0,
      5.0
    ],
    [
      5.0,
      3.6666667461395264,
      5.0,
      5.0
    ],
    [
      5.0,
      4.0,
      5.0,
      5.0
    ],
    [
      5.0,
      5.0,
      4.666666507720947,
      3.1666667461395264
    ],
    [
      5.0,
      4.333333492279053,
      5.0,
      5.0
    ],
    [
      5.0,
      5.0,
      2.3333332538604736,
      5.0
    ],
    [
      5.0,
      5.0,
      5.0,
      5.0
    ],
    [
      3.3333332538604736,
      5.0,
      3.6666667461395264,
      2.3333332538604736
    ],
    [
      5.0,
      5.0,
      5.0,
      5.0
    ],
    [
      5.0,
      4.333333492279053,
      5.0,
      5.0
    ],
    [
      4.333333492279053,
      4.666666507720947,
      4.666666507720947,
      1.6666666269302368
    ],
    [
      5.0,
      5.0,
      2.3333332538604736,
      1.0
    ],
    [
      5.0,
      3.6666667461395264,
      2.3333332538604736,
      2.3333332538604736
    ],
    [
      5.0,
      5.0,
      5.0,
      5.0
    ],
    [
      3.3333332538604736,
      2.3333332538604736,
      3.6666667461395264,
      2.3333332538604736
    ],
    [
      5.0,
      1.1666666269302368,
      3.6666667461395264,
      3.0
    ],
    [
      5.0,
      5.0,
      5.0,
      1.8333333730697632
    ],
    [
      4.333333492279053,
      1.0,
      2.3333332538604736,
      1.8333333730697632
    ],
    [
      5.0,
      5.0,
      5.0,
      5.0
    ],
    [
      3.0,
      4.666666507720947,
      3.3333332538604736,
      4.666666507720947
    ],
    [
      5.0,
      5.0,
      5.0,
      5.0
    ],
    [
      5.0,
      5.0,
      5.0,
      5.0
    ],
    [
      3.6666667461395264,
      4.333333492279053,
      3.0,
      3.6666667461395264
    ],
    [
      4.333333492279053,
      3.0,
      5.0,
      1.0
    ],
    [
      4.333333492279053,
      4.833333492279053,
      3.6666667461395264,
      2.6666667461395264
    ],
    [
      3.8333332538604736,
      4.5,
      5.0,
      4.666666507720947
    ],
    [
      2.0,
      1.0,
      3.8333332538604736,
      4.333333492279053
    ],
    [
      5.0,
      5.0,
      5.0,
      2.3333332538604736
    ],
    [
      5.0,
      5.0,
      5.0,
      5.0
    ],
    [
      4.666666507720947,
      4.333333492279053,
      5.0,
      5.0
    ],
    [
      5.0,
      5.0,
      2.3333332538604736,
      5.0
    ],
    [
      5.0,
      5.0,
      5.0,
      5.0
    ],
    [
      3.0,
      3.0,
      3.6666667461395264,
      2.3333332538604736
    ],
    [
      5.0,
      3.0,
      5.0,
      5.0
    ],
    [
      5.0,
      5.0,
      5.0,
      5.0
    ],
    [
      5.0,
      3.1666667461395264,
      5.0,
      5.0
    ],
    [
      3.8333332538604736,
      5.0,
      4.333333492279053,
      1.0
    ],
    [
      5.0,
      5.0,
      5.0,
      5.0
    ],
    [
      5.0,
      5.0,
      5.0,
      5.0
    ],
    [
      5.0,
      5.0,
      5.0,
      5.0
    ],
    [
      5.0,
      4.666666507720947,
      4.666666507720947,
      4.666666507720947
    ],
    [
      5.0,
      5.0,
      5.0,
      5.0
    ],
    [
      5.0,
      5.0,
      5.0,
      5.0
    ],
    [
      5.0,
      5.0,
      5.0,
      5.0
    ],
    [
      5.0,
      5.0,
      5.0,
      5.0
    ],
    [
      1.0,
      1.3333333730697632,
      4.0,
      3.3333332538604736
    ],
    [
      5.0,
      5.0,
      5.0,
      5.0
    ],
    [
      4.833333492279053,
      5.0,
      3.6666667461395264,
      2.3333332538604736
    ],
    [
      3.6666667461395264,
      4.0,
      4.0,
      4.0
    ],
    [
      4.666666507720947,
      4.666666507720947,
      5.0,
      4.666666507720947
    ],
    [
      5.0,
      5.0,
      5.0,
      5.0
    ],
    [
      1.5,
      2.6666667461395264,
      4.0,
      1.0
    ],
    [
      5.0,
      5.0,
      5.0,
      5.0
    ],
    [
      1.0,
      4.833333492279053,
      4.333333492279053,
      2.3333332538604736
    ],
    [
      2.3333332538604736,
      2.8333332538604736,
      3.6666667461395264,
      3.3333332538604736
    ],
    [
      4.333333492279053,
      5.0,
      1.1666666269302368,
      2.3333332538604736
    ],
